time,voltage
2e-11,-0.0040000000000000036
4e-11,-0.0040000000000000036
6e-11,-0.0040000000000000036
8e-11,-0.0040000000000000036
9.999999999999999e-11,-0.0040000000000000036
1.2e-10,-0.0040000000000000036
1.4e-10,-0.0040000000000000036
1.6e-10,-0.0040000000000000036
1.8e-10,-0.0040000000000000036
2e-10,-0.0040000000000000036
2.2e-10,-0.0040000000000000036
2.4e-10,-0.0040000000000000036
2.6e-10,-0.0040000000000000036
2.7999999999999996e-10,-0.0040000000000000036
2.9999999999999995e-10,-0.0040000000000000036
3.2e-10,-0.0040000000000000036
3.3999999999999996e-10,-0.0040000000000000036
3.5999999999999995e-10,-0.0040000000000000036
3.8e-10,-0.0040000000000000036
3.9999999999999996e-10,-0.0040000000000000036
4.1999999999999995e-10,-0.0040000000000000036
4.4e-10,-0.0040000000000000036
4.5999999999999996e-10,-0.0040000000000000036
4.8e-10,-0.0040000000000000036
5e-10,-0.0040000000000000036
5.2e-10,-0.0040000000000000036
5.4e-10,-0.0040000000000000036
5.6e-10,-0.0040000000000000036
5.8e-10,-0.0040000000000000036
6e-10,-0.0040000000000000036
6.2e-10,-0.0040000000000000036
6.4e-10,-0.0040000000000000036
6.6e-10,-0.0040000000000000036
6.8e-10,-0.0040000000000000036
7e-10,-0.0040000000000000036
7.2e-10,-0.0040000000000000036
7.4e-10,-0.0040000000000000036
7.6e-10,-0.0040000000000000036
7.8e-10,-0.0040000000000000036
8e-10,-0.0040000000000000036
8.2e-10,-0.0040000000000000036
8.4e-10,-0.0040000000000000036
8.6e-10,-0.0040000000000000036
8.8e-10,-0.0040000000000000036
9e-10,-0.0040000000000000036
9.2e-10,-0.0040000000000000036
9.399999999999999e-10,-0.0040000000000000036
9.599999999999998e-10,-0.0040000000000000036
9.8e-10,-0.01200000000000001
9.999999999999999e-10,-0.01200000000000001
1.0199999999999998e-09,-0.01200000000000001
1.04e-09,-0.01200000000000001
1.0599999999999999e-09,-0.01200000000000001
1.0799999999999998e-09,-0.01200000000000001
1.1e-09,-0.01200000000000001
1.1199999999999999e-09,-0.01200000000000001
1.1399999999999998e-09,-0.01200000000000001
1.16e-09,-0.01200000000000001
1.1799999999999999e-09,-0.01200000000000001
1.1999999999999998e-09,-0.01200000000000001
1.22e-09,-0.01200000000000001
1.2399999999999999e-09,-0.01200000000000001
1.2599999999999998e-09,-0.01200000000000001
1.28e-09,-0.01200000000000001
1.2999999999999999e-09,-0.01200000000000001
1.3199999999999998e-09,-0.01200000000000001
1.34e-09,-0.01200000000000001
1.3599999999999999e-09,-0.01200000000000001
1.3799999999999998e-09,-0.01200000000000001
1.4e-09,-0.01200000000000001
1.4199999999999999e-09,-0.01200000000000001
1.4399999999999998e-09,-0.01200000000000001
1.46e-09,-0.01200000000000001
1.4799999999999999e-09,-0.01200000000000001
1.4999999999999998e-09,-0.01200000000000001
1.52e-09,-0.01200000000000001
1.5399999999999999e-09,-0.01200000000000001
1.5599999999999998e-09,-0.01200000000000001
1.58e-09,-0.01200000000000001
1.5999999999999999e-09,-0.01200000000000001
1.6199999999999998e-09,-0.01200000000000001
1.64e-09,-0.01200000000000001
1.6599999999999999e-09,-0.01200000000000001
1.6799999999999998e-09,-0.01200000000000001
1.7e-09,-0.01200000000000001
1.7199999999999999e-09,-0.01200000000000001
1.7399999999999998e-09,-0.01200000000000001
1.76e-09,-0.01200000000000001
1.7799999999999999e-09,-0.01200000000000001
1.7999999999999998e-09,-0.01200000000000001
1.82e-09,-0.01200000000000001
1.8399999999999998e-09,-0.01200000000000001
1.8599999999999998e-09,-0.01200000000000001
1.88e-09,-0.01200000000000001
1.8999999999999996e-09,-0.01200000000000001
1.92e-09,-0.01200000000000001
1.94e-09,-0.01200000000000001
1.96e-09,-0.01200000000000001
1.9799999999999998e-09,-0.01200000000000001
1.9999999999999997e-09,-0.01200000000000001
2.0199999999999996e-09,-0.01200000000000001
2.04e-09,-0.01200000000000001
2.06e-09,-0.01200000000000001
2.08e-09,-0.01200000000000001
2.0999999999999998e-09,-0.01200000000000001
2.1199999999999997e-09,-0.01200000000000001
2.1399999999999996e-09,-0.01200000000000001
2.16e-09,-0.01200000000000001
2.18e-09,-0.01200000000000001
2.2e-09,-0.01200000000000001
2.2199999999999998e-09,-0.01200000000000001
2.2399999999999997e-09,-0.01200000000000001
2.2599999999999996e-09,-0.01200000000000001
2.28e-09,-0.01200000000000001
2.3e-09,-0.01200000000000001
2.32e-09,-0.01200000000000001
2.3399999999999998e-09,-0.01200000000000001
2.3599999999999997e-09,-0.01200000000000001
2.3799999999999996e-09,-0.01200000000000001
2.4e-09,-0.01200000000000001
2.42e-09,-0.01200000000000001
2.44e-09,-0.01200000000000001
2.4599999999999998e-09,-0.01200000000000001
2.4799999999999997e-09,-0.01200000000000001
2.4999999999999996e-09,-0.01200000000000001
2.52e-09,-0.01200000000000001
2.54e-09,-0.01200000000000001
2.56e-09,-0.01200000000000001
2.5799999999999998e-09,-0.01200000000000001
2.5999999999999997e-09,-0.01200000000000001
2.6199999999999996e-09,-0.01200000000000001
2.6399999999999996e-09,-0.01200000000000001
2.66e-09,-0.01200000000000001
2.68e-09,-0.01200000000000001
2.6999999999999998e-09,-0.01200000000000001
2.7199999999999997e-09,-0.01200000000000001
2.7399999999999996e-09,-0.01200000000000001
2.7599999999999996e-09,-0.01200000000000001
2.78e-09,-0.01200000000000001
2.8e-09,-0.01200000000000001
2.8199999999999998e-09,-0.01200000000000001
2.8399999999999997e-09,-0.0040000000000000036
2.8599999999999996e-09,-0.0040000000000000036
2.8799999999999996e-09,-0.0040000000000000036
2.9e-09,-0.0040000000000000036
2.92e-09,-0.0040000000000000036
2.9399999999999998e-09,-0.0040000000000000036
2.9599999999999997e-09,-0.0040000000000000036
2.9799999999999996e-09,-0.0040000000000000036
2.9999999999999996e-09,-0.0040000000000000036
3.02e-09,-0.0040000000000000036
3.04e-09,-0.0040000000000000036
3.0599999999999998e-09,-0.0040000000000000036
3.0799999999999997e-09,-0.0040000000000000036
3.0999999999999996e-09,-0.0040000000000000036
3.1199999999999996e-09,-0.0040000000000000036
3.14e-09,-0.0040000000000000036
3.16e-09,-0.0040000000000000036
3.1799999999999998e-09,-0.0040000000000000036
3.1999999999999997e-09,-0.0040000000000000036
3.2199999999999996e-09,-0.0040000000000000036
3.2399999999999996e-09,-0.0040000000000000036
3.26e-09,-0.0040000000000000036
3.28e-09,-0.0040000000000000036
3.2999999999999998e-09,-0.0040000000000000036
3.3199999999999997e-09,-0.0040000000000000036
3.3399999999999996e-09,-0.0040000000000000036
3.3599999999999996e-09,-0.0040000000000000036
3.38e-09,-0.0040000000000000036
3.4e-09,-0.0040000000000000036
3.4199999999999998e-09,-0.0040000000000000036
3.4399999999999997e-09,-0.0040000000000000036
3.4599999999999996e-09,-0.0040000000000000036
3.4799999999999996e-09,-0.0040000000000000036
3.5e-09,-0.0040000000000000036
3.52e-09,-0.0040000000000000036
3.5399999999999998e-09,-0.0040000000000000036
3.5599999999999997e-09,-0.0040000000000000036
3.5799999999999996e-09,-0.0040000000000000036
3.5999999999999996e-09,-0.0040000000000000036
3.62e-09,-0.0040000000000000036
3.64e-09,-0.0040000000000000036
3.6599999999999998e-09,-0.0040000000000000036
3.6799999999999997e-09,-0.0040000000000000036
3.6999999999999996e-09,-0.0040000000000000036
3.7199999999999996e-09,-0.0040000000000000036
3.74e-09,-0.0040000000000000036
3.76e-09,-0.0040000000000000036
3.78e-09,-0.0040000000000000036
3.8e-09,-0.0040000000000000036
3.8200000000000005e-09,-0.0040000000000000036
3.84e-09,-0.0040000000000000036
3.86e-09,-0.0040000000000000036
3.88e-09,-0.0040000000000000036
3.9e-09,-0.0040000000000000036
3.92e-09,-0.0040000000000000036
3.94e-09,-0.0040000000000000036
3.96e-09,-0.0040000000000000036
3.98e-09,-0.0040000000000000036
4e-09,-0.0040000000000000036
4.02e-09,-0.0040000000000000036
4.04e-09,-0.0040000000000000036
4.0600000000000005e-09,-0.0040000000000000036
4.08e-09,-0.0040000000000000036
4.1e-09,-0.0040000000000000036
4.12e-09,-0.0040000000000000036
4.14e-09,-0.0040000000000000036
4.16e-09,-0.0040000000000000036
4.18e-09,-0.0040000000000000036
4.2e-09,-0.0040000000000000036
4.22e-09,-0.0040000000000000036
4.24e-09,-0.0040000000000000036
4.26e-09,-0.0040000000000000036
4.28e-09,-0.0040000000000000036
4.3000000000000005e-09,-0.0040000000000000036
4.32e-09,-0.0040000000000000036
4.34e-09,-0.0040000000000000036
4.36e-09,-0.0040000000000000036
4.38e-09,-0.0040000000000000036
4.4e-09,-0.0040000000000000036
4.42e-09,-0.0040000000000000036
4.44e-09,-0.0040000000000000036
4.46e-09,-0.0040000000000000036
4.48e-09,-0.0040000000000000036
4.5e-09,-0.0040000000000000036
4.52e-09,-0.0040000000000000036
4.5400000000000005e-09,-0.0040000000000000036
4.56e-09,-0.0040000000000000036
4.58e-09,-0.0040000000000000036
4.6e-09,-0.0040000000000000036
4.62e-09,-0.0040000000000000036
4.64e-09,-0.0040000000000000036
4.66e-09,-0.0040000000000000036
4.68e-09,-0.0040000000000000036
4.7e-09,-0.0040000000000000036
4.72e-09,-0.0040000000000000036
4.74e-09,-0.0040000000000000036
4.76e-09,-0.0040000000000000036
4.7800000000000005e-09,-0.0040000000000000036
4.8e-09,-0.0040000000000000036
4.82e-09,-0.0040000000000000036
4.84e-09,-0.0040000000000000036
4.86e-09,-0.0040000000000000036
4.88e-09,-0.0040000000000000036
4.9e-09,-0.0040000000000000036
4.92e-09,-0.0040000000000000036
4.94e-09,-0.0040000000000000036
4.96e-09,-0.0040000000000000036
4.98e-09,-0.0040000000000000036
5e-09,-0.0040000000000000036
5.0200000000000004e-09,-0.0040000000000000036
5.04e-09,-0.0040000000000000036
5.06e-09,-0.0040000000000000036
5.08e-09,-0.0040000000000000036
5.1e-09,-0.0040000000000000036
5.12e-09,-0.0040000000000000036
5.14e-09,-0.0040000000000000036
5.16e-09,-0.0040000000000000036
5.18e-09,-0.0040000000000000036
5.2e-09,-0.0040000000000000036
5.22e-09,-0.0040000000000000036
5.24e-09,-0.0040000000000000036
5.26e-09,-0.0040000000000000036
5.28e-09,-0.0040000000000000036
5.3e-09,-0.0040000000000000036
5.32e-09,-0.0040000000000000036
5.34e-09,-0.0040000000000000036
5.36e-09,-0.0040000000000000036
5.38e-09,-0.0040000000000000036
5.4e-09,-0.0040000000000000036
5.42e-09,-0.0040000000000000036
5.44e-09,-0.0040000000000000036
5.46e-09,-0.0040000000000000036
5.48e-09,-0.0040000000000000036
5.5e-09,-0.01200000000000001
5.52e-09,-0.01200000000000001
5.54e-09,-0.01200000000000001
5.56e-09,-0.01200000000000001
5.58e-09,-0.01200000000000001
5.6e-09,-0.01200000000000001
5.62e-09,-0.01200000000000001
5.64e-09,-0.01200000000000001
5.66e-09,-0.01200000000000001
5.68e-09,-0.01200000000000001
5.7e-09,-0.01200000000000001
5.72e-09,-0.01200000000000001
5.74e-09,-0.01200000000000001
5.76e-09,-0.01200000000000001
5.78e-09,-0.01200000000000001
5.8e-09,-0.01200000000000001
5.82e-09,-0.01200000000000001
5.84e-09,-0.01200000000000001
5.86e-09,-0.01200000000000001
5.88e-09,-0.01200000000000001
5.9e-09,-0.01200000000000001
5.92e-09,-0.01200000000000001
5.94e-09,-0.01200000000000001
5.96e-09,-0.01200000000000001
5.98e-09,-0.01200000000000001
6e-09,-0.01200000000000001
6.02e-09,-0.01200000000000001
6.04e-09,-0.01200000000000001
6.06e-09,-0.01200000000000001
6.08e-09,-0.01200000000000001
6.1e-09,-0.0040000000000000036
6.12e-09,-0.0040000000000000036
6.14e-09,-0.0040000000000000036
6.16e-09,-0.0040000000000000036
6.18e-09,-0.0040000000000000036
6.2e-09,-0.0040000000000000036
6.22e-09,-0.0040000000000000036
6.24e-09,-0.0040000000000000036
6.26e-09,-0.0040000000000000036
6.28e-09,-0.0040000000000000036
6.3e-09,-0.0040000000000000036
6.32e-09,-0.0040000000000000036
6.34e-09,-0.0040000000000000036
6.36e-09,-0.0040000000000000036
6.38e-09,-0.0040000000000000036
6.4e-09,-0.0040000000000000036
6.42e-09,-0.0040000000000000036
6.44e-09,-0.0040000000000000036
6.46e-09,-0.0040000000000000036
6.48e-09,-0.0040000000000000036
6.5e-09,-0.0040000000000000036
6.52e-09,-0.0040000000000000036
6.54e-09,-0.0040000000000000036
6.56e-09,-0.0040000000000000036
6.58e-09,-0.0040000000000000036
6.5999999999999995e-09,-0.0040000000000000036
6.62e-09,-0.0040000000000000036
6.64e-09,-0.0040000000000000036
6.66e-09,-0.0040000000000000036
6.68e-09,-0.0040000000000000036
6.7e-09,-0.0040000000000000036
6.72e-09,-0.0040000000000000036
6.74e-09,-0.0040000000000000036
6.76e-09,-0.0040000000000000036
6.78e-09,-0.0040000000000000036
6.8e-09,-0.0040000000000000036
6.82e-09,-0.0040000000000000036
6.8399999999999995e-09,-0.0040000000000000036
6.86e-09,-0.0040000000000000036
6.88e-09,-0.0040000000000000036
6.9e-09,-0.0040000000000000036
6.92e-09,-0.0040000000000000036
6.94e-09,-0.0040000000000000036
6.96e-09,-0.0040000000000000036
6.98e-09,-0.0040000000000000036
7e-09,-0.0040000000000000036
7.02e-09,-0.0040000000000000036
7.04e-09,-0.0040000000000000036
7.06e-09,-0.0040000000000000036
7.0799999999999995e-09,-0.0040000000000000036
7.1e-09,-0.0040000000000000036
7.12e-09,-0.0040000000000000036
7.14e-09,-0.0040000000000000036
7.16e-09,-0.0040000000000000036
7.18e-09,-0.0040000000000000036
7.2e-09,-0.0040000000000000036
7.22e-09,-0.0040000000000000036
7.24e-09,0.0040000000000000036
7.26e-09,0.0040000000000000036
7.28e-09,0.0040000000000000036
7.3e-09,0.0040000000000000036
7.3199999999999995e-09,0.0040000000000000036
7.34e-09,0.0040000000000000036
7.36e-09,0.0040000000000000036
7.38e-09,0.0040000000000000036
7.4e-09,0.0040000000000000036
7.42e-09,0.0040000000000000036
7.44e-09,0.0040000000000000036
7.46e-09,0.0040000000000000036
7.48e-09,0.0040000000000000036
7.5e-09,0.0040000000000000036
7.519999999999999e-09,0.0040000000000000036
7.539999999999998e-09,0.0040000000000000036
7.56e-09,0.0040000000000000036
7.579999999999999e-09,0.0040000000000000036
7.599999999999999e-09,0.0040000000000000036
7.62e-09,0.0040000000000000036
7.64e-09,0.0040000000000000036
7.659999999999999e-09,0.0040000000000000036
7.679999999999998e-09,0.0040000000000000036
7.7e-09,0.0040000000000000036
7.719999999999999e-09,0.0040000000000000036
7.739999999999999e-09,0.0040000000000000036
7.76e-09,0.0040000000000000036
7.78e-09,0.0040000000000000036
7.799999999999999e-09,0.0040000000000000036
7.819999999999998e-09,0.0040000000000000036
7.84e-09,0.0040000000000000036
7.859999999999999e-09,0.0040000000000000036
7.879999999999998e-09,0.0040000000000000036
7.9e-09,0.0040000000000000036
7.919999999999999e-09,0.0040000000000000036
7.939999999999999e-09,0.0040000000000000036
7.96e-09,0.0040000000000000036
7.98e-09,0.0040000000000000036
7.999999999999999e-09,0.0040000000000000036
8.019999999999998e-09,0.0040000000000000036
8.04e-09,0.0040000000000000036
8.059999999999999e-09,0.0040000000000000036
8.079999999999999e-09,0.0040000000000000036
8.1e-09,0.0040000000000000036
8.12e-09,0.0040000000000000036
8.139999999999999e-09,0.0040000000000000036
8.159999999999998e-09,0.0040000000000000036
8.18e-09,0.0040000000000000036
8.199999999999999e-09,0.0040000000000000036
8.219999999999998e-09,0.0040000000000000036
8.24e-09,0.0040000000000000036
8.26e-09,0.0040000000000000036
8.279999999999999e-09,0.0040000000000000036
8.299999999999998e-09,0.0040000000000000036
8.32e-09,0.0040000000000000036
8.339999999999999e-09,0.0040000000000000036
8.359999999999998e-09,0.0040000000000000036
8.38e-09,0.0040000000000000036
8.399999999999999e-09,0.0040000000000000036
8.419999999999999e-09,0.0040000000000000036
8.44e-09,0.0040000000000000036
8.46e-09,0.0040000000000000036
8.479999999999999e-09,0.0040000000000000036
8.499999999999998e-09,0.0040000000000000036
8.52e-09,0.0040000000000000036
8.539999999999999e-09,0.0040000000000000036
8.559999999999999e-09,0.0040000000000000036
8.58e-09,0.0040000000000000036
8.6e-09,0.0040000000000000036
8.619999999999999e-09,0.0040000000000000036
8.639999999999998e-09,0.0040000000000000036
8.66e-09,0.0040000000000000036
8.679999999999999e-09,0.0040000000000000036
8.699999999999998e-09,0.0040000000000000036
8.72e-09,0.0040000000000000036
8.74e-09,0.0040000000000000036
8.759999999999999e-09,0.0040000000000000036
8.779999999999998e-09,0.0040000000000000036
8.8e-09,0.0040000000000000036
8.819999999999999e-09,0.0040000000000000036
8.839999999999998e-09,0.0040000000000000036
8.86e-09,0.0040000000000000036
8.879999999999999e-09,-0.0040000000000000036
8.899999999999999e-09,-0.0040000000000000036
8.92e-09,-0.0040000000000000036
8.94e-09,-0.0040000000000000036
8.959999999999999e-09,-0.0040000000000000036
8.979999999999998e-09,-0.0040000000000000036
9e-09,-0.0040000000000000036
9.019999999999999e-09,-0.0040000000000000036
9.039999999999999e-09,-0.0040000000000000036
9.06e-09,-0.0040000000000000036
9.08e-09,-0.0040000000000000036
9.099999999999999e-09,-0.0040000000000000036
9.119999999999998e-09,-0.0040000000000000036
9.14e-09,-0.0040000000000000036
9.159999999999999e-09,-0.0040000000000000036
9.179999999999998e-09,-0.0040000000000000036
9.2e-09,-0.0040000000000000036
9.22e-09,-0.0040000000000000036
9.239999999999999e-09,-0.0040000000000000036
9.259999999999998e-09,-0.0040000000000000036
9.28e-09,-0.0040000000000000036
9.299999999999999e-09,-0.0040000000000000036
9.319999999999998e-09,-0.0040000000000000036
9.34e-09,-0.0040000000000000036
9.359999999999999e-09,-0.0040000000000000036
9.379999999999999e-09,-0.0040000000000000036
9.399999999999998e-09,-0.0040000000000000036
9.42e-09,-0.0040000000000000036
9.439999999999999e-09,-0.0040000000000000036
9.459999999999998e-09,-0.0040000000000000036
9.48e-09,-0.0040000000000000036
9.499999999999999e-09,-0.0040000000000000036
9.519999999999999e-09,-0.0040000000000000036
9.54e-09,-0.0040000000000000036
9.56e-09,-0.0040000000000000036
9.579999999999999e-09,-0.0040000000000000036
9.599999999999998e-09,-0.0040000000000000036
9.62e-09,-0.0040000000000000036
9.639999999999999e-09,-0.0040000000000000036
9.659999999999998e-09,-0.0040000000000000036
9.68e-09,-0.0040000000000000036
9.7e-09,-0.0040000000000000036
9.719999999999999e-09,-0.0040000000000000036
9.739999999999998e-09,-0.0040000000000000036
9.76e-09,-0.0040000000000000036
9.779999999999999e-09,-0.0040000000000000036
9.799999999999998e-09,-0.0040000000000000036
9.82e-09,-0.0040000000000000036
9.839999999999999e-09,-0.01200000000000001
9.859999999999999e-09,-0.01200000000000001
9.879999999999998e-09,-0.01200000000000001
9.9e-09,-0.01200000000000001
9.919999999999999e-09,-0.01200000000000001
9.939999999999998e-09,-0.01200000000000001
9.96e-09,-0.01200000000000001
9.979999999999999e-09,-0.01200000000000001
9.999999999999999e-09,-0.01200000000000001
1.002e-08,-0.01200000000000001
1.004e-08,-0.01200000000000001
1.0059999999999999e-08,-0.01200000000000001
1.0079999999999998e-08,-0.01200000000000001
1.01e-08,-0.01200000000000001
1.0119999999999999e-08,-0.01200000000000001
1.0139999999999998e-08,-0.01200000000000001
1.016e-08,-0.01200000000000001
1.018e-08,-0.01200000000000001
1.0199999999999999e-08,-0.01200000000000001
1.0219999999999998e-08,-0.01200000000000001
1.024e-08,-0.01200000000000001
1.0259999999999999e-08,-0.01200000000000001
1.0279999999999998e-08,-0.01200000000000001
1.03e-08,-0.01200000000000001
1.0319999999999999e-08,-0.01200000000000001
1.0339999999999999e-08,-0.01200000000000001
1.0359999999999998e-08,-0.01200000000000001
1.038e-08,-0.01200000000000001
1.0399999999999999e-08,-0.01200000000000001
1.0419999999999998e-08,-0.01200000000000001
1.044e-08,-0.01200000000000001
1.0459999999999999e-08,-0.01200000000000001
1.0479999999999999e-08,-0.01200000000000001
1.0499999999999998e-08,-0.01200000000000001
1.052e-08,-0.01200000000000001
1.0539999999999999e-08,-0.01200000000000001
1.0559999999999998e-08,-0.01200000000000001
1.058e-08,-0.01200000000000001
1.0599999999999999e-08,-0.01200000000000001
1.0619999999999998e-08,-0.01200000000000001
1.064e-08,-0.01200000000000001
1.0659999999999999e-08,-0.01200000000000001
1.0679999999999999e-08,-0.01200000000000001
1.0699999999999998e-08,-0.01200000000000001
1.072e-08,-0.01200000000000001
1.0739999999999999e-08,-0.01200000000000001
1.0759999999999998e-08,-0.01200000000000001
1.078e-08,-0.01200000000000001
1.0799999999999999e-08,-0.01200000000000001
1.0819999999999999e-08,-0.01200000000000001
1.0839999999999998e-08,-0.01200000000000001
1.086e-08,-0.0040000000000000036
1.0879999999999999e-08,-0.0040000000000000036
1.0899999999999998e-08,-0.0040000000000000036
1.092e-08,-0.0040000000000000036
1.0939999999999999e-08,-0.0040000000000000036
1.0959999999999999e-08,-0.0040000000000000036
1.0979999999999998e-08,-0.0040000000000000036
1.1e-08,-0.0040000000000000036
1.1019999999999999e-08,-0.0040000000000000036
1.1039999999999998e-08,-0.0040000000000000036
1.106e-08,-0.0040000000000000036
1.1079999999999999e-08,-0.0040000000000000036
1.1099999999999998e-08,-0.0040000000000000036
1.112e-08,-0.0040000000000000036
1.1139999999999999e-08,-0.0040000000000000036
1.1159999999999999e-08,-0.0040000000000000036
1.1179999999999998e-08,-0.0040000000000000036
1.12e-08,-0.0040000000000000036
1.1219999999999999e-08,-0.0040000000000000036
1.1239999999999998e-08,-0.0040000000000000036
1.126e-08,-0.0040000000000000036
1.1279999999999999e-08,-0.0040000000000000036
1.1299999999999999e-08,-0.0040000000000000036
1.1319999999999998e-08,-0.0040000000000000036
1.134e-08,-0.0040000000000000036
1.1359999999999999e-08,-0.0040000000000000036
1.1379999999999998e-08,-0.0040000000000000036
1.14e-08,-0.0040000000000000036
1.1419999999999999e-08,-0.0040000000000000036
1.1439999999999999e-08,-0.0040000000000000036
1.1459999999999998e-08,-0.0040000000000000036
1.148e-08,-0.0040000000000000036
1.1499999999999999e-08,-0.0040000000000000036
1.1519999999999998e-08,-0.0040000000000000036
1.154e-08,-0.0040000000000000036
1.1559999999999999e-08,-0.0040000000000000036
1.1579999999999998e-08,-0.0040000000000000036
1.1599999999999998e-08,-0.0040000000000000036
1.1619999999999999e-08,-0.0040000000000000036
1.1639999999999999e-08,-0.0040000000000000036
1.1659999999999998e-08,-0.0040000000000000036
1.168e-08,-0.0040000000000000036
1.1699999999999999e-08,-0.0040000000000000036
1.1719999999999998e-08,-0.0040000000000000036
1.174e-08,-0.0040000000000000036
1.1759999999999999e-08,-0.0040000000000000036
1.1779999999999999e-08,-0.0040000000000000036
1.1799999999999998e-08,-0.0040000000000000036
1.182e-08,-0.0040000000000000036
1.1839999999999999e-08,-0.0040000000000000036
1.1859999999999998e-08,-0.0040000000000000036
1.188e-08,-0.0040000000000000036
1.1899999999999999e-08,-0.0040000000000000036
1.1919999999999999e-08,-0.0040000000000000036
1.1939999999999998e-08,-0.0040000000000000036
1.196e-08,-0.0040000000000000036
1.1979999999999999e-08,-0.0040000000000000036
1.1999999999999998e-08,-0.0040000000000000036
1.202e-08,-0.0040000000000000036
1.2039999999999999e-08,-0.0040000000000000036
1.2059999999999998e-08,-0.0040000000000000036
1.2079999999999998e-08,-0.0040000000000000036
1.2099999999999999e-08,-0.0040000000000000036
1.2119999999999999e-08,-0.0040000000000000036
1.2139999999999998e-08,-0.0040000000000000036
1.216e-08,-0.0040000000000000036
1.2179999999999999e-08,-0.0040000000000000036
1.2199999999999998e-08,-0.0040000000000000036
1.222e-08,-0.0040000000000000036
1.2239999999999999e-08,-0.0040000000000000036
1.2259999999999999e-08,-0.0040000000000000036
1.2279999999999998e-08,-0.0040000000000000036
1.23e-08,-0.0040000000000000036
1.2319999999999999e-08,-0.0040000000000000036
1.2339999999999998e-08,-0.0040000000000000036
1.236e-08,-0.0040000000000000036
1.2379999999999999e-08,-0.0040000000000000036
1.2399999999999999e-08,-0.0040000000000000036
1.2419999999999998e-08,-0.0040000000000000036
1.244e-08,-0.0040000000000000036
1.2459999999999999e-08,-0.0040000000000000036
1.2479999999999998e-08,-0.0040000000000000036
1.25e-08,-0.0040000000000000036
1.2519999999999999e-08,-0.0040000000000000036
1.2539999999999998e-08,-0.0040000000000000036
1.2559999999999998e-08,-0.0040000000000000036
1.2579999999999999e-08,-0.0040000000000000036
1.2599999999999999e-08,-0.0040000000000000036
1.2619999999999998e-08,-0.0040000000000000036
1.264e-08,-0.0040000000000000036
1.2659999999999999e-08,-0.0040000000000000036
1.2679999999999998e-08,-0.0040000000000000036
1.27e-08,-0.0040000000000000036
1.2719999999999999e-08,-0.0040000000000000036
1.2739999999999999e-08,-0.0040000000000000036
1.2759999999999998e-08,-0.0040000000000000036
1.278e-08,-0.0040000000000000036
1.2799999999999999e-08,-0.0040000000000000036
1.2819999999999998e-08,-0.0040000000000000036
1.284e-08,-0.0040000000000000036
1.2859999999999999e-08,-0.0040000000000000036
1.2879999999999999e-08,-0.0040000000000000036
1.2899999999999998e-08,-0.0040000000000000036
1.292e-08,-0.0040000000000000036
1.2939999999999999e-08,-0.0040000000000000036
1.2959999999999998e-08,-0.0040000000000000036
1.298e-08,-0.0040000000000000036
1.2999999999999999e-08,-0.0040000000000000036
1.3019999999999998e-08,-0.0040000000000000036
1.3039999999999998e-08,-0.0040000000000000036
1.3059999999999999e-08,-0.0040000000000000036
1.3079999999999999e-08,-0.0040000000000000036
1.3099999999999998e-08,-0.0040000000000000036
1.312e-08,-0.0040000000000000036
1.3139999999999999e-08,-0.0040000000000000036
1.3159999999999998e-08,-0.0040000000000000036
1.3179999999999998e-08,-0.0040000000000000036
1.3199999999999999e-08,-0.0040000000000000036
1.3219999999999999e-08,-0.0040000000000000036
1.3239999999999998e-08,-0.0040000000000000036
1.326e-08,-0.0040000000000000036
1.3279999999999999e-08,-0.0040000000000000036
1.3299999999999998e-08,-0.0040000000000000036
1.332e-08,-0.0040000000000000036
1.3339999999999999e-08,-0.0040000000000000036
1.3359999999999999e-08,-0.0040000000000000036
1.3379999999999998e-08,-0.0040000000000000036
1.34e-08,-0.0040000000000000036
1.3419999999999999e-08,-0.0040000000000000036
1.3439999999999998e-08,-0.0040000000000000036
1.346e-08,-0.0040000000000000036
1.3479999999999999e-08,-0.0040000000000000036
1.3499999999999998e-08,-0.0040000000000000036
1.3519999999999998e-08,-0.0040000000000000036
1.3539999999999999e-08,-0.0040000000000000036
1.3559999999999999e-08,-0.0040000000000000036
1.3579999999999998e-08,-0.0040000000000000036
1.36e-08,-0.0040000000000000036
1.3619999999999999e-08,-0.0040000000000000036
1.3639999999999998e-08,-0.0040000000000000036
1.3659999999999998e-08,-0.0040000000000000036
1.3679999999999999e-08,-0.0040000000000000036
1.3699999999999999e-08,-0.0040000000000000036
1.3719999999999998e-08,-0.0040000000000000036
1.374e-08,-0.0040000000000000036
1.3759999999999999e-08,-0.0040000000000000036
1.3779999999999998e-08,-0.0040000000000000036
1.38e-08,-0.0040000000000000036
1.3819999999999999e-08,-0.0040000000000000036
1.3839999999999999e-08,-0.01200000000000001
1.3859999999999998e-08,-0.01200000000000001
1.388e-08,-0.01200000000000001
1.3899999999999999e-08,-0.01200000000000001
1.3919999999999998e-08,-0.01200000000000001
1.394e-08,-0.01200000000000001
1.3959999999999999e-08,-0.01200000000000001
1.3979999999999998e-08,-0.01200000000000001
1.3999999999999998e-08,-0.01200000000000001
1.4019999999999999e-08,-0.01200000000000001
1.4039999999999999e-08,-0.01200000000000001
1.4059999999999998e-08,-0.01200000000000001
1.408e-08,-0.01200000000000001
1.4099999999999999e-08,-0.01200000000000001
1.4119999999999998e-08,-0.01200000000000001
1.4139999999999998e-08,-0.01200000000000001
1.4159999999999999e-08,-0.01200000000000001
1.4179999999999999e-08,-0.01200000000000001
1.4199999999999998e-08,-0.01200000000000001
1.422e-08,-0.01200000000000001
1.4239999999999999e-08,-0.01200000000000001
1.4259999999999998e-08,-0.01200000000000001
1.4279999999999998e-08,-0.01200000000000001
1.4299999999999999e-08,-0.01200000000000001
1.4319999999999999e-08,-0.01200000000000001
1.4339999999999998e-08,-0.01200000000000001
1.436e-08,-0.01200000000000001
1.4379999999999999e-08,-0.01200000000000001
1.4399999999999998e-08,-0.01200000000000001
1.442e-08,-0.01200000000000001
1.4439999999999999e-08,-0.01200000000000001
1.4459999999999998e-08,-0.01200000000000001
1.4479999999999998e-08,-0.01200000000000001
1.4499999999999999e-08,-0.01200000000000001
1.4519999999999999e-08,-0.01200000000000001
1.4539999999999998e-08,-0.01200000000000001
1.456e-08,-0.01200000000000001
1.4579999999999999e-08,-0.01200000000000001
1.4599999999999998e-08,-0.01200000000000001
1.4619999999999998e-08,-0.01200000000000001
1.4639999999999999e-08,-0.01200000000000001
1.4659999999999999e-08,-0.01200000000000001
1.4679999999999998e-08,-0.01200000000000001
1.47e-08,-0.01200000000000001
1.4719999999999999e-08,-0.01200000000000001
1.4739999999999998e-08,-0.01200000000000001
1.4759999999999998e-08,-0.01200000000000001
1.4779999999999999e-08,-0.01200000000000001
1.4799999999999999e-08,-0.01200000000000001
1.4819999999999998e-08,-0.01200000000000001
1.484e-08,-0.01200000000000001
1.4859999999999999e-08,-0.01200000000000001
1.4879999999999998e-08,-0.01200000000000001
1.49e-08,-0.01200000000000001
1.492e-08,-0.01200000000000001
1.494e-08,-0.01200000000000001
1.496e-08,-0.01200000000000001
1.498e-08,-0.01200000000000001
1.5e-08,-0.01200000000000001
1.5019999999999998e-08,-0.01200000000000001
1.5039999999999998e-08,-0.01200000000000001
1.5059999999999997e-08,-0.01200000000000001
1.508e-08,-0.01200000000000001
1.51e-08,-0.01200000000000001
1.512e-08,-0.01200000000000001
1.514e-08,-0.01200000000000001
1.5159999999999998e-08,-0.01200000000000001
1.5179999999999998e-08,-0.01200000000000001
1.5199999999999997e-08,-0.0040000000000000036
1.522e-08,-0.0040000000000000036
1.524e-08,-0.0040000000000000036
1.526e-08,-0.0040000000000000036
1.528e-08,-0.0040000000000000036
1.5299999999999998e-08,-0.0040000000000000036
1.5319999999999998e-08,-0.0040000000000000036
1.5339999999999997e-08,-0.0040000000000000036
1.536e-08,-0.0040000000000000036
1.538e-08,-0.0040000000000000036
1.54e-08,-0.0040000000000000036
1.542e-08,-0.0040000000000000036
1.5439999999999998e-08,-0.0040000000000000036
1.5459999999999997e-08,-0.0040000000000000036
1.5479999999999997e-08,-0.0040000000000000036
1.55e-08,-0.0040000000000000036
1.552e-08,-0.0040000000000000036
1.554e-08,-0.0040000000000000036
1.556e-08,-0.0040000000000000036
1.5579999999999998e-08,-0.0040000000000000036
1.5599999999999997e-08,-0.0040000000000000036
1.5619999999999997e-08,-0.0040000000000000036
1.564e-08,-0.0040000000000000036
1.566e-08,-0.0040000000000000036
1.568e-08,-0.0040000000000000036
1.5699999999999998e-08,-0.0040000000000000036
1.5719999999999998e-08,-0.0040000000000000036
1.5739999999999997e-08,-0.0040000000000000036
1.576e-08,-0.0040000000000000036
1.578e-08,-0.0040000000000000036
1.58e-08,-0.0040000000000000036
1.582e-08,-0.0040000000000000036
1.5839999999999998e-08,-0.0040000000000000036
1.5859999999999998e-08,-0.0040000000000000036
1.5879999999999997e-08,-0.0040000000000000036
1.59e-08,-0.0040000000000000036
1.592e-08,-0.0040000000000000036
1.594e-08,-0.0040000000000000036
1.596e-08,-0.0040000000000000036
1.5979999999999998e-08,-0.0040000000000000036
1.5999999999999998e-08,-0.0040000000000000036
1.6019999999999997e-08,-0.0040000000000000036
1.604e-08,-0.0040000000000000036
1.606e-08,-0.0040000000000000036
1.608e-08,-0.0040000000000000036
1.61e-08,-0.0040000000000000036
1.6119999999999998e-08,-0.0040000000000000036
1.6139999999999998e-08,-0.0040000000000000036
1.6159999999999997e-08,-0.0040000000000000036
1.618e-08,-0.0040000000000000036
1.62e-08,-0.0040000000000000036
1.622e-08,-0.0040000000000000036
1.624e-08,-0.0040000000000000036
1.6259999999999998e-08,-0.0040000000000000036
1.6279999999999998e-08,-0.0040000000000000036
1.6299999999999997e-08,-0.0040000000000000036
1.632e-08,-0.0040000000000000036
1.634e-08,-0.0040000000000000036
1.636e-08,-0.0040000000000000036
1.638e-08,-0.0040000000000000036
1.6399999999999998e-08,-0.0040000000000000036
1.6419999999999997e-08,-0.0040000000000000036
1.6439999999999997e-08,-0.0040000000000000036
1.646e-08,-0.0040000000000000036
1.648e-08,-0.0040000000000000036
1.65e-08,-0.0040000000000000036
1.652e-08,-0.0040000000000000036
1.6539999999999998e-08,-0.0040000000000000036
1.6559999999999997e-08,-0.0040000000000000036
1.6579999999999997e-08,-0.0040000000000000036
1.66e-08,-0.0040000000000000036
1.662e-08,-0.0040000000000000036
1.664e-08,-0.0040000000000000036
1.6659999999999998e-08,-0.0040000000000000036
1.6679999999999998e-08,-0.0040000000000000036
1.6699999999999997e-08,-0.0040000000000000036
1.6719999999999997e-08,-0.0040000000000000036
1.674e-08,-0.0040000000000000036
1.676e-08,-0.0040000000000000036
1.678e-08,-0.0040000000000000036
1.6799999999999998e-08,-0.0040000000000000036
1.6819999999999998e-08,-0.0040000000000000036
1.6839999999999997e-08,-0.0040000000000000036
1.686e-08,-0.0040000000000000036
1.688e-08,-0.0040000000000000036
1.69e-08,-0.0040000000000000036
1.692e-08,-0.0040000000000000036
1.6939999999999998e-08,-0.0040000000000000036
1.6959999999999998e-08,-0.0040000000000000036
1.6979999999999997e-08,-0.0040000000000000036
1.7e-08,-0.0040000000000000036
1.702e-08,-0.0040000000000000036
1.704e-08,-0.0040000000000000036
1.706e-08,-0.0040000000000000036
1.7079999999999998e-08,-0.0040000000000000036
1.7099999999999998e-08,-0.0040000000000000036
1.7119999999999997e-08,-0.0040000000000000036
1.714e-08,-0.0040000000000000036
1.716e-08,-0.0040000000000000036
1.718e-08,-0.0040000000000000036
1.72e-08,-0.0040000000000000036
1.7219999999999998e-08,-0.0040000000000000036
1.7239999999999998e-08,-0.0040000000000000036
1.7259999999999997e-08,-0.0040000000000000036
1.728e-08,-0.0040000000000000036
1.73e-08,-0.0040000000000000036
1.732e-08,-0.0040000000000000036
1.734e-08,-0.0040000000000000036
1.7359999999999998e-08,-0.0040000000000000036
1.7379999999999997e-08,-0.0040000000000000036
1.7399999999999997e-08,-0.0040000000000000036
1.742e-08,-0.0040000000000000036
1.744e-08,-0.0040000000000000036
1.746e-08,-0.0040000000000000036
1.748e-08,-0.0040000000000000036
1.7499999999999998e-08,-0.0040000000000000036
1.7519999999999997e-08,-0.0040000000000000036
1.7539999999999997e-08,-0.0040000000000000036
1.756e-08,-0.0040000000000000036
1.758e-08,-0.0040000000000000036
1.76e-08,-0.0040000000000000036
1.7619999999999998e-08,-0.0040000000000000036
1.7639999999999998e-08,-0.0040000000000000036
1.7659999999999997e-08,-0.0040000000000000036
1.7679999999999997e-08,-0.0040000000000000036
1.77e-08,-0.0040000000000000036
1.772e-08,-0.0040000000000000036
1.774e-08,-0.0040000000000000036
1.7759999999999998e-08,-0.0040000000000000036
1.7779999999999998e-08,-0.0040000000000000036
1.7799999999999997e-08,-0.0040000000000000036
1.782e-08,-0.0040000000000000036
1.784e-08,-0.0040000000000000036
1.786e-08,-0.0040000000000000036
1.788e-08,-0.01200000000000001
1.7899999999999998e-08,-0.01200000000000001
1.7919999999999998e-08,-0.01200000000000001
1.7939999999999997e-08,-0.01200000000000001
1.796e-08,-0.01200000000000001
1.798e-08,-0.01200000000000001
1.8e-08,-0.01200000000000001
1.802e-08,-0.01200000000000001
1.8039999999999998e-08,-0.01200000000000001
1.8059999999999998e-08,-0.01200000000000001
1.8079999999999997e-08,-0.01200000000000001
1.81e-08,-0.01200000000000001
1.812e-08,-0.01200000000000001
1.814e-08,-0.01200000000000001
1.816e-08,-0.01200000000000001
1.8179999999999998e-08,-0.01200000000000001
1.8199999999999998e-08,-0.01200000000000001
1.8219999999999997e-08,-0.01200000000000001
1.824e-08,-0.01200000000000001
1.826e-08,-0.01200000000000001
1.828e-08,-0.01200000000000001
1.83e-08,-0.01200000000000001
1.8319999999999998e-08,-0.01200000000000001
1.8339999999999997e-08,-0.01200000000000001
1.8359999999999997e-08,-0.01200000000000001
1.838e-08,-0.01200000000000001
1.84e-08,-0.01200000000000001
1.842e-08,-0.01200000000000001
1.844e-08,-0.01200000000000001
1.8459999999999998e-08,-0.01200000000000001
1.8479999999999997e-08,-0.01200000000000001
1.8499999999999997e-08,-0.01200000000000001
1.852e-08,-0.01200000000000001
1.854e-08,-0.01200000000000001
1.856e-08,-0.0040000000000000036
1.8579999999999998e-08,-0.0040000000000000036
1.8599999999999998e-08,-0.0040000000000000036
1.8619999999999997e-08,-0.0040000000000000036
1.8639999999999997e-08,-0.0040000000000000036
1.866e-08,-0.0040000000000000036
1.868e-08,-0.0040000000000000036
1.87e-08,-0.0040000000000000036
1.8719999999999998e-08,-0.0040000000000000036
1.8739999999999998e-08,-0.0040000000000000036
1.8759999999999997e-08,-0.0040000000000000036
1.8779999999999997e-08,-0.0040000000000000036
1.88e-08,-0.0040000000000000036
1.882e-08,-0.0040000000000000036
1.884e-08,-0.0040000000000000036
1.8859999999999998e-08,-0.0040000000000000036
1.8879999999999998e-08,-0.0040000000000000036
1.8899999999999997e-08,-0.0040000000000000036
1.892e-08,-0.0040000000000000036
1.894e-08,-0.0040000000000000036
1.896e-08,-0.0040000000000000036
1.898e-08,-0.0040000000000000036
1.8999999999999998e-08,-0.0040000000000000036
1.9019999999999998e-08,-0.0040000000000000036
1.9039999999999997e-08,-0.0040000000000000036
1.906e-08,-0.0040000000000000036
1.908e-08,-0.0040000000000000036
1.91e-08,-0.0040000000000000036
1.912e-08,-0.0040000000000000036
1.9139999999999998e-08,-0.0040000000000000036
1.9159999999999998e-08,-0.0040000000000000036
1.9179999999999997e-08,-0.0040000000000000036
1.92e-08,-0.0040000000000000036
1.922e-08,-0.0040000000000000036
1.924e-08,-0.0040000000000000036
1.926e-08,-0.0040000000000000036
1.9279999999999998e-08,-0.0040000000000000036
1.9299999999999997e-08,-0.0040000000000000036
1.9319999999999997e-08,-0.0040000000000000036
1.934e-08,-0.0040000000000000036
1.936e-08,-0.0040000000000000036
1.938e-08,-0.0040000000000000036
1.94e-08,-0.0040000000000000036
1.9419999999999998e-08,-0.0040000000000000036
1.9439999999999997e-08,-0.0040000000000000036
1.9459999999999997e-08,-0.0040000000000000036
1.948e-08,-0.0040000000000000036
1.95e-08,-0.0040000000000000036
1.952e-08,-0.0040000000000000036
1.9539999999999998e-08,-0.0040000000000000036
1.9559999999999998e-08,-0.0040000000000000036
1.9579999999999997e-08,-0.0040000000000000036
1.9599999999999997e-08,-0.0040000000000000036
1.962e-08,-0.0040000000000000036
1.964e-08,-0.0040000000000000036
1.966e-08,-0.0040000000000000036
1.9679999999999998e-08,-0.0040000000000000036
1.9699999999999998e-08,-0.0040000000000000036
1.9719999999999997e-08,-0.0040000000000000036
1.9739999999999997e-08,-0.0040000000000000036
1.976e-08,-0.0040000000000000036
1.978e-08,-0.0040000000000000036
1.98e-08,-0.0040000000000000036
1.9819999999999998e-08,-0.0040000000000000036
1.9839999999999998e-08,-0.0040000000000000036
1.9859999999999997e-08,-0.0040000000000000036
1.9879999999999997e-08,-0.0040000000000000036
1.99e-08,-0.0040000000000000036
1.992e-08,-0.0040000000000000036
1.994e-08,-0.0040000000000000036
1.9959999999999998e-08,-0.0040000000000000036
1.9979999999999998e-08,-0.0040000000000000036
1.9999999999999997e-08,-0.0040000000000000036
